  -1.6967613e+01 ,  3.9173526e+02
  -1.6939240e+01 ,  3.9164811e+02
  -1.6910866e+01 ,  3.9156096e+02
  -1.6882493e+01 ,  3.9147382e+02
  -1.6854120e+01 ,  3.9138667e+02
  -1.6825746e+01 ,  3.9129952e+02
  -1.6797373e+01 ,  3.9121238e+02
  -1.6769000e+01 ,  3.9112523e+02
  -1.6740626e+01 ,  3.9103808e+02
  -1.6712253e+01 ,  3.9095094e+02
  -1.6683880e+01 ,  3.9086379e+02
  -1.6655506e+01 ,  3.9077664e+02
  -1.6627133e+01 ,  3.9068950e+02
  -1.6598760e+01 ,  3.9060235e+02
  -1.6570386e+01 ,  3.9051520e+02
  -1.6542013e+01 ,  3.9042806e+02
  -1.6513640e+01 ,  3.9034091e+02
  -1.6485266e+01 ,  3.9025376e+02
  -1.6456893e+01 ,  3.9016662e+02
  -1.6428520e+01 ,  3.9007947e+02
  -1.6400146e+01 ,  3.8999232e+02
  -1.6371773e+01 ,  3.8990518e+02
  -1.6343400e+01 ,  3.8981803e+02
  -1.6315026e+01 ,  3.8973088e+02
  -1.6286653e+01 ,  3.8964374e+02
  -1.6258280e+01 ,  3.8955659e+02
  -1.6229906e+01 ,  3.8946944e+02
  -1.6201533e+01 ,  3.8938230e+02
  -1.6173160e+01 ,  3.8929515e+02
  -1.6144786e+01 ,  3.8920800e+02
  -1.6116413e+01 ,  3.8912086e+02
  -1.6116413e+01 ,  3.8912086e+02
  -1.6029013e+01 ,  3.8887766e+02
  -1.5941613e+01 ,  3.8863446e+02
  -1.5854213e+01 ,  3.8839126e+02
  -1.5766813e+01 ,  3.8814806e+02
  -1.5679413e+01 ,  3.8790486e+02
  -1.5592013e+01 ,  3.8766166e+02
  -1.5504613e+01 ,  3.8741846e+02
  -1.5417213e+01 ,  3.8717526e+02
  -1.5329813e+01 ,  3.8693206e+02
  -1.5242413e+01 ,  3.8668886e+02
  -1.5155013e+01 ,  3.8644566e+02
  -1.5067613e+01 ,  3.8620246e+02
  -1.4980213e+01 ,  3.8595926e+02
  -1.4892813e+01 ,  3.8571606e+02
  -1.4805413e+01 ,  3.8547286e+02
  -1.4718013e+01 ,  3.8522966e+02
  -1.4630613e+01 ,  3.8498646e+02
  -1.4543213e+01 ,  3.8474326e+02
  -1.4455813e+01 ,  3.8450006e+02
  -1.4368413e+01 ,  3.8425686e+02
  -1.4281013e+01 ,  3.8401366e+02
  -1.4193613e+01 ,  3.8377046e+02
  -1.4106213e+01 ,  3.8352726e+02
  -1.4018813e+01 ,  3.8328406e+02
  -1.3931413e+01 ,  3.8304086e+02
  -1.3844013e+01 ,  3.8279766e+02
  -1.3756613e+01 ,  3.8255446e+02
  -1.3669213e+01 ,  3.8231126e+02
  -1.3581813e+01 ,  3.8206806e+02
  -1.3494413e+01 ,  3.8182486e+02
  -1.3494413e+01 ,  3.8182486e+02
  -1.3359640e+01 ,  3.8145575e+02
  -1.3224866e+01 ,  3.8108664e+02
  -1.3090093e+01 ,  3.8071754e+02
  -1.2955320e+01 ,  3.8034843e+02
  -1.2820546e+01 ,  3.7997932e+02
  -1.2685773e+01 ,  3.7961022e+02
  -1.2551000e+01 ,  3.7924111e+02
  -1.2416226e+01 ,  3.7887200e+02
  -1.2281453e+01 ,  3.7850290e+02
  -1.2146680e+01 ,  3.7813379e+02
  -1.2011906e+01 ,  3.7776468e+02
  -1.1877133e+01 ,  3.7739558e+02
  -1.1742360e+01 ,  3.7702647e+02
  -1.1607586e+01 ,  3.7665736e+02
  -1.1472813e+01 ,  3.7628826e+02
  -1.1338040e+01 ,  3.7591915e+02
  -1.1203266e+01 ,  3.7555004e+02
  -1.1068493e+01 ,  3.7518094e+02
  -1.0933720e+01 ,  3.7481183e+02
  -1.0798946e+01 ,  3.7444272e+02
  -1.0664173e+01 ,  3.7407362e+02
  -1.0529400e+01 ,  3.7370451e+02
  -1.0394626e+01 ,  3.7333540e+02
  -1.0259853e+01 ,  3.7296630e+02
  -1.0125080e+01 ,  3.7259719e+02
  -9.9903062e+00 ,  3.7222808e+02
  -9.8555329e+00 ,  3.7185898e+02
  -9.7207596e+00 ,  3.7148987e+02
  -9.5859862e+00 ,  3.7112076e+02
  -9.4512129e+00 ,  3.7075166e+02
  -9.4512129e+00 ,  3.7075166e+02
  -9.2941462e+00 ,  3.7026576e+02
  -9.1370796e+00 ,  3.6977987e+02
  -8.9800129e+00 ,  3.6929398e+02
  -8.8229462e+00 ,  3.6880808e+02
  -8.6658796e+00 ,  3.6832219e+02
  -8.5088129e+00 ,  3.6783630e+02
  -8.3517462e+00 ,  3.6735040e+02
  -8.1946796e+00 ,  3.6686451e+02
  -8.0376129e+00 ,  3.6637862e+02
  -7.8805462e+00 ,  3.6589272e+02
  -7.7234796e+00 ,  3.6540683e+02
  -7.5664129e+00 ,  3.6492094e+02
  -7.4093462e+00 ,  3.6443504e+02
  -7.2522796e+00 ,  3.6394915e+02
  -7.0952129e+00 ,  3.6346326e+02
  -6.9381462e+00 ,  3.6297736e+02
  -6.7810796e+00 ,  3.6249147e+02
  -6.6240129e+00 ,  3.6200558e+02
  -6.4669462e+00 ,  3.6151968e+02
  -6.3098796e+00 ,  3.6103379e+02
  -6.1528129e+00 ,  3.6054790e+02
  -5.9957462e+00 ,  3.6006200e+02
  -5.8386796e+00 ,  3.5957611e+02
  -5.6816129e+00 ,  3.5909022e+02
  -5.5245462e+00 ,  3.5860432e+02
  -5.3674796e+00 ,  3.5811843e+02
  -5.2104129e+00 ,  3.5763254e+02
  -5.0533462e+00 ,  3.5714664e+02
  -4.8962796e+00 ,  3.5666075e+02
  -4.7392129e+00 ,  3.5617486e+02
  -4.7392129e+00 ,  3.5617486e+02
  -4.5702396e+00 ,  3.5556534e+02
  -4.4012662e+00 ,  3.5495582e+02
  -4.2322929e+00 ,  3.5434630e+02
  -4.0633196e+00 ,  3.5373678e+02
  -3.8943462e+00 ,  3.5312726e+02
  -3.7253729e+00 ,  3.5251774e+02
  -3.5563996e+00 ,  3.5190822e+02
  -3.3874262e+00 ,  3.5129870e+02
  -3.2184529e+00 ,  3.5068918e+02
  -3.0494796e+00 ,  3.5007966e+02
  -2.8805062e+00 ,  3.4947014e+02
  -2.7115329e+00 ,  3.4886062e+02
  -2.5425596e+00 ,  3.4825110e+02
  -2.3735862e+00 ,  3.4764158e+02
  -2.2046129e+00 ,  3.4703206e+02
  -2.0356396e+00 ,  3.4642254e+02
  -1.8666662e+00 ,  3.4581302e+02
  -1.6976929e+00 ,  3.4520350e+02
  -1.5287196e+00 ,  3.4459398e+02
  -1.3597462e+00 ,  3.4398446e+02
  -1.1907729e+00 ,  3.4337494e+02
  -1.0217996e+00 ,  3.4276542e+02
  -8.5282624e-01 ,  3.4215590e+02
  -6.8385290e-01 ,  3.4154638e+02
  -5.1487957e-01 ,  3.4093686e+02
  -3.4590624e-01 ,  3.4032734e+02
  -1.7693290e-01 ,  3.3971782e+02
  -7.9595699e-03 ,  3.3910830e+02
   1.6101376e-01 ,  3.3849878e+02
   3.2998710e-01 ,  3.3788926e+02
   3.2998710e-01 ,  3.3788926e+02
   5.1542710e-01 ,  3.3715890e+02
   7.0086710e-01 ,  3.3642854e+02
   8.8630710e-01 ,  3.3569818e+02
   1.0717471e+00 ,  3.3496782e+02
   1.2571871e+00 ,  3.3423746e+02
   1.4426271e+00 ,  3.3350710e+02
   1.6280671e+00 ,  3.3277674e+02
   1.8135071e+00 ,  3.3204638e+02
   1.9989471e+00 ,  3.3131602e+02
   2.1843871e+00 ,  3.3058566e+02
   2.3698271e+00 ,  3.2985530e+02
   2.5552671e+00 ,  3.2912494e+02
   2.7407071e+00 ,  3.2839458e+02
   2.9261471e+00 ,  3.2766422e+02
   3.1115871e+00 ,  3.2693386e+02
   3.2970271e+00 ,  3.2620350e+02
   3.4824671e+00 ,  3.2547314e+02
   3.6679071e+00 ,  3.2474278e+02
   3.8533471e+00 ,  3.2401242e+02
   4.0387871e+00 ,  3.2328206e+02
   4.2242271e+00 ,  3.2255170e+02
   4.4096671e+00 ,  3.2182134e+02
   4.5951071e+00 ,  3.2109098e+02
   4.7805471e+00 ,  3.2036062e+02
   4.9659871e+00 ,  3.1963026e+02
   5.1514271e+00 ,  3.1889990e+02
   5.3368671e+00 ,  3.1816954e+02
   5.5223071e+00 ,  3.1743918e+02
   5.7077471e+00 ,  3.1670882e+02
   5.8931871e+00 ,  3.1597846e+02
   5.8931871e+00 ,  3.1597846e+02
   6.0958538e+00 ,  3.1513992e+02
   6.2985204e+00 ,  3.1430139e+02
   6.5011871e+00 ,  3.1346286e+02
   6.7038538e+00 ,  3.1262432e+02
   6.9065204e+00 ,  3.1178579e+02
   7.1091871e+00 ,  3.1094726e+02
   7.3118538e+00 ,  3.1010872e+02
   7.5145204e+00 ,  3.0927019e+02
   7.7171871e+00 ,  3.0843166e+02
   7.9198538e+00 ,  3.0759312e+02
   8.1225204e+00 ,  3.0675459e+02
   8.3251871e+00 ,  3.0591606e+02
   8.5278538e+00 ,  3.0507752e+02
   8.7305204e+00 ,  3.0423899e+02
   8.9331871e+00 ,  3.0340046e+02
   9.1358538e+00 ,  3.0256192e+02
   9.3385204e+00 ,  3.0172339e+02
   9.5411871e+00 ,  3.0088486e+02
   9.7438538e+00 ,  3.0004632e+02
   9.9465204e+00 ,  2.9920779e+02
   1.0149187e+01 ,  2.9836926e+02
   1.0351854e+01 ,  2.9753072e+02
   1.0554520e+01 ,  2.9669219e+02
   1.0757187e+01 ,  2.9585366e+02
   1.0959854e+01 ,  2.9501512e+02
   1.1162520e+01 ,  2.9417659e+02
   1.1365187e+01 ,  2.9333806e+02
   1.1567854e+01 ,  2.9249952e+02
   1.1770520e+01 ,  2.9166099e+02
   1.1973187e+01 ,  2.9082246e+02
   1.1973187e+01 ,  2.9082246e+02
   1.2189787e+01 ,  2.8988943e+02
   1.2406387e+01 ,  2.8895640e+02
   1.2622987e+01 ,  2.8802338e+02
   1.2839587e+01 ,  2.8709035e+02
   1.3056187e+01 ,  2.8615732e+02
   1.3272787e+01 ,  2.8522430e+02
   1.3489387e+01 ,  2.8429127e+02
   1.3705987e+01 ,  2.8335824e+02
   1.3922587e+01 ,  2.8242522e+02
   1.4139187e+01 ,  2.8149219e+02
   1.4355787e+01 ,  2.8055916e+02
   1.4572387e+01 ,  2.7962614e+02
   1.4788987e+01 ,  2.7869311e+02
   1.5005587e+01 ,  2.7776008e+02
   1.5222187e+01 ,  2.7682706e+02
   1.5438787e+01 ,  2.7589403e+02
   1.5655387e+01 ,  2.7496100e+02
   1.5871987e+01 ,  2.7402798e+02
   1.6088587e+01 ,  2.7309495e+02
   1.6305187e+01 ,  2.7216192e+02
   1.6521787e+01 ,  2.7122890e+02
   1.6738387e+01 ,  2.7029587e+02
   1.6954987e+01 ,  2.6936284e+02
   1.7171587e+01 ,  2.6842982e+02
   1.7388187e+01 ,  2.6749679e+02
   1.7604787e+01 ,  2.6656376e+02
   1.7821387e+01 ,  2.6563074e+02
   1.8037987e+01 ,  2.6469771e+02
   1.8254587e+01 ,  2.6376468e+02
   1.8471187e+01 ,  2.6283166e+02
   1.8471187e+01 ,  2.6283166e+02
   1.8698174e+01 ,  2.6181883e+02
   1.8925160e+01 ,  2.6080600e+02
   1.9152147e+01 ,  2.5979318e+02
   1.9379134e+01 ,  2.5878035e+02
   1.9606120e+01 ,  2.5776752e+02
   1.9833107e+01 ,  2.5675470e+02
   2.0060094e+01 ,  2.5574187e+02
   2.0287080e+01 ,  2.5472904e+02
   2.0514067e+01 ,  2.5371622e+02
   2.0741054e+01 ,  2.5270339e+02
   2.0968040e+01 ,  2.5169056e+02
   2.1195027e+01 ,  2.5067774e+02
   2.1422014e+01 ,  2.4966491e+02
   2.1649000e+01 ,  2.4865208e+02
   2.1875987e+01 ,  2.4763926e+02
   2.2102974e+01 ,  2.4662643e+02
   2.2329960e+01 ,  2.4561360e+02
   2.2556947e+01 ,  2.4460078e+02
   2.2783934e+01 ,  2.4358795e+02
   2.3010920e+01 ,  2.4257512e+02
   2.3237907e+01 ,  2.4156230e+02
   2.3464894e+01 ,  2.4054947e+02
   2.3691880e+01 ,  2.3953664e+02
   2.3918867e+01 ,  2.3852382e+02
   2.4145854e+01 ,  2.3751099e+02
   2.4372840e+01 ,  2.3649816e+02
   2.4599827e+01 ,  2.3548534e+02
   2.4826814e+01 ,  2.3447251e+02
   2.5053800e+01 ,  2.3345968e+02
   2.5280787e+01 ,  2.3244686e+02
   2.5280787e+01 ,  2.3244686e+02
   2.5512080e+01 ,  2.3136968e+02
   2.5743374e+01 ,  2.3029251e+02
   2.5974667e+01 ,  2.2921534e+02
   2.6205960e+01 ,  2.2813816e+02
   2.6437254e+01 ,  2.2706099e+02
   2.6668547e+01 ,  2.2598382e+02
   2.6899840e+01 ,  2.2490664e+02
   2.7131134e+01 ,  2.2382947e+02
   2.7362427e+01 ,  2.2275230e+02
   2.7593720e+01 ,  2.2167512e+02
   2.7825014e+01 ,  2.2059795e+02
   2.8056307e+01 ,  2.1952078e+02
   2.8287600e+01 ,  2.1844360e+02
   2.8518894e+01 ,  2.1736643e+02
   2.8750187e+01 ,  2.1628926e+02
   2.8981480e+01 ,  2.1521208e+02
   2.9212774e+01 ,  2.1413491e+02
   2.9444067e+01 ,  2.1305774e+02
   2.9675360e+01 ,  2.1198056e+02
   2.9906654e+01 ,  2.1090339e+02
   3.0137947e+01 ,  2.0982622e+02
   3.0369240e+01 ,  2.0874904e+02
   3.0600534e+01 ,  2.0767187e+02
   3.0831827e+01 ,  2.0659470e+02
   3.1063120e+01 ,  2.0551752e+02
   3.1294414e+01 ,  2.0444035e+02
   3.1525707e+01 ,  2.0336318e+02
   3.1757000e+01 ,  2.0228600e+02
   3.1988294e+01 ,  2.0120883e+02
   3.2219587e+01 ,  2.0013166e+02
   3.2219587e+01 ,  2.0013166e+02
   3.2448854e+01 ,  1.9900559e+02
   3.2678120e+01 ,  1.9787952e+02
   3.2907387e+01 ,  1.9675346e+02
   3.3136654e+01 ,  1.9562739e+02
   3.3365920e+01 ,  1.9450132e+02
   3.3595187e+01 ,  1.9337526e+02
   3.3824454e+01 ,  1.9224919e+02
   3.4053720e+01 ,  1.9112312e+02
   3.4282987e+01 ,  1.8999706e+02
   3.4512254e+01 ,  1.8887099e+02
   3.4741520e+01 ,  1.8774492e+02
   3.4970787e+01 ,  1.8661886e+02
   3.5200054e+01 ,  1.8549279e+02
   3.5429320e+01 ,  1.8436672e+02
   3.5658587e+01 ,  1.8324066e+02
   3.5887854e+01 ,  1.8211459e+02
   3.6117120e+01 ,  1.8098852e+02
   3.6346387e+01 ,  1.7986246e+02
   3.6575654e+01 ,  1.7873639e+02
   3.6804920e+01 ,  1.7761032e+02
   3.7034187e+01 ,  1.7648426e+02
   3.7263454e+01 ,  1.7535819e+02
   3.7492720e+01 ,  1.7423212e+02
   3.7721987e+01 ,  1.7310606e+02
   3.7951254e+01 ,  1.7197999e+02
   3.8180520e+01 ,  1.7085392e+02
   3.8409787e+01 ,  1.6972786e+02
   3.8639054e+01 ,  1.6860179e+02
   3.8868320e+01 ,  1.6747572e+02
   3.9097587e+01 ,  1.6634966e+02
   3.9097587e+01 ,  1.6634966e+02
   3.9315960e+01 ,  1.6519066e+02
   3.9534334e+01 ,  1.6403166e+02
   3.9752707e+01 ,  1.6287266e+02
   3.9971080e+01 ,  1.6171366e+02
   4.0189454e+01 ,  1.6055466e+02
   4.0407827e+01 ,  1.5939566e+02
   4.0626200e+01 ,  1.5823666e+02
   4.0844574e+01 ,  1.5707766e+02
   4.1062947e+01 ,  1.5591866e+02
   4.1281320e+01 ,  1.5475966e+02
   4.1499694e+01 ,  1.5360066e+02
   4.1718067e+01 ,  1.5244166e+02
   4.1936440e+01 ,  1.5128266e+02
   4.2154814e+01 ,  1.5012366e+02
   4.2373187e+01 ,  1.4896466e+02
   4.2591560e+01 ,  1.4780566e+02
   4.2809934e+01 ,  1.4664666e+02
   4.3028307e+01 ,  1.4548766e+02
   4.3246680e+01 ,  1.4432866e+02
   4.3465054e+01 ,  1.4316966e+02
   4.3683427e+01 ,  1.4201066e+02
   4.3901800e+01 ,  1.4085166e+02
   4.4120174e+01 ,  1.3969266e+02
   4.4338547e+01 ,  1.3853366e+02
   4.4556920e+01 ,  1.3737466e+02
   4.4775294e+01 ,  1.3621566e+02
   4.4993667e+01 ,  1.3505666e+02
   4.5212040e+01 ,  1.3389766e+02
   4.5430414e+01 ,  1.3273866e+02
   4.5648787e+01 ,  1.3157966e+02
   4.5648787e+01 ,  1.3157966e+02
   4.5846894e+01 ,  1.3040292e+02
   4.6045000e+01 ,  1.2922619e+02
   4.6243107e+01 ,  1.2804946e+02
   4.6441214e+01 ,  1.2687272e+02
   4.6639320e+01 ,  1.2569599e+02
   4.6837427e+01 ,  1.2451926e+02
   4.7035534e+01 ,  1.2334252e+02
   4.7233640e+01 ,  1.2216579e+02
   4.7431747e+01 ,  1.2098906e+02
   4.7629854e+01 ,  1.1981232e+02
   4.7827960e+01 ,  1.1863559e+02
   4.8026067e+01 ,  1.1745886e+02
   4.8224174e+01 ,  1.1628212e+02
   4.8422280e+01 ,  1.1510539e+02
   4.8620387e+01 ,  1.1392866e+02
   4.8818494e+01 ,  1.1275192e+02
   4.9016600e+01 ,  1.1157519e+02
   4.9214707e+01 ,  1.1039846e+02
   4.9412814e+01 ,  1.0922172e+02
   4.9610920e+01 ,  1.0804499e+02
   4.9809027e+01 ,  1.0686826e+02
   5.0007134e+01 ,  1.0569152e+02
   5.0205240e+01 ,  1.0451479e+02
   5.0403347e+01 ,  1.0333806e+02
   5.0601454e+01 ,  1.0216132e+02
   5.0799560e+01 ,  1.0098459e+02
   5.0997667e+01 ,  9.9807858e+01
   5.1195774e+01 ,  9.8631125e+01
   5.1393880e+01 ,  9.7454391e+01
   5.1591987e+01 ,  9.6277658e+01
   5.1591987e+01 ,  9.6277658e+01
   5.1755640e+01 ,  9.5097885e+01
   5.1919294e+01 ,  9.3918111e+01
   5.2082947e+01 ,  9.2738338e+01
   5.2246600e+01 ,  9.1558565e+01
   5.2410254e+01 ,  9.0378791e+01
   5.2573907e+01 ,  8.9199018e+01
   5.2737560e+01 ,  8.8019245e+01
   5.2901214e+01 ,  8.6839471e+01
   5.3064867e+01 ,  8.5659698e+01
   5.3228520e+01 ,  8.4479925e+01
   5.3392174e+01 ,  8.3300151e+01
   5.3555827e+01 ,  8.2120378e+01
   5.3719480e+01 ,  8.0940605e+01
   5.3883134e+01 ,  7.9760831e+01
   5.4046787e+01 ,  7.8581058e+01
   5.4210440e+01 ,  7.7401285e+01
   5.4374094e+01 ,  7.6221511e+01
   5.4537747e+01 ,  7.5041738e+01
   5.4701400e+01 ,  7.3861965e+01
   5.4865054e+01 ,  7.2682191e+01
   5.5028707e+01 ,  7.1502418e+01
   5.5192360e+01 ,  7.0322645e+01
   5.5356014e+01 ,  6.9142871e+01
   5.5519667e+01 ,  6.7963098e+01
   5.5683320e+01 ,  6.6783325e+01
   5.5846974e+01 ,  6.5603551e+01
   5.6010627e+01 ,  6.4423778e+01
   5.6174280e+01 ,  6.3244005e+01
   5.6337934e+01 ,  6.2064231e+01
   5.6501587e+01 ,  6.0884458e+01
   5.6501587e+01 ,  6.0884458e+01
   5.6613560e+01 ,  5.9704431e+01
   5.6725534e+01 ,  5.8524405e+01
   5.6837507e+01 ,  5.7344378e+01
   5.6949480e+01 ,  5.6164351e+01
   5.7061454e+01 ,  5.4984325e+01
   5.7173427e+01 ,  5.3804298e+01
   5.7285400e+01 ,  5.2624271e+01
   5.7397374e+01 ,  5.1444245e+01
   5.7509347e+01 ,  5.0264218e+01
   5.7621320e+01 ,  4.9084191e+01
   5.7733294e+01 ,  4.7904165e+01
   5.7845267e+01 ,  4.6724138e+01
   5.7957240e+01 ,  4.5544111e+01
   5.8069214e+01 ,  4.4364085e+01
   5.8181187e+01 ,  4.3184058e+01
   5.8293160e+01 ,  4.2004031e+01
   5.8405134e+01 ,  4.0824005e+01
   5.8517107e+01 ,  3.9643978e+01
   5.8629080e+01 ,  3.8463951e+01
   5.8741054e+01 ,  3.7283925e+01
   5.8853027e+01 ,  3.6103898e+01
   5.8965000e+01 ,  3.4923871e+01
   5.9076974e+01 ,  3.3743845e+01
   5.9188947e+01 ,  3.2563818e+01
   5.9300920e+01 ,  3.1383791e+01
   5.9412894e+01 ,  3.0203765e+01
   5.9524867e+01 ,  2.9023738e+01
   5.9636840e+01 ,  2.7843711e+01
   5.9748814e+01 ,  2.6663685e+01
   5.9860787e+01 ,  2.5483658e+01
   5.9860787e+01 ,  2.5483658e+01
   5.9917787e+01 ,  2.4296791e+01
   5.9974787e+01 ,  2.3109925e+01
   6.0031787e+01 ,  2.1923058e+01
   6.0088787e+01 ,  2.0736191e+01
   6.0145787e+01 ,  1.9549325e+01
   6.0202787e+01 ,  1.8362458e+01
   6.0259787e+01 ,  1.7175591e+01
   6.0316787e+01 ,  1.5988725e+01
   6.0373787e+01 ,  1.4801858e+01
   6.0430787e+01 ,  1.3614991e+01
   6.0487787e+01 ,  1.2428125e+01
   6.0544787e+01 ,  1.1241258e+01
   6.0601787e+01 ,  1.0054391e+01
   6.0658787e+01 ,  8.8675247e+00
   6.0715787e+01 ,  7.6806581e+00
   6.0772787e+01 ,  6.4937914e+00
   6.0829787e+01 ,  5.3069247e+00
   6.0886787e+01 ,  4.1200581e+00
   6.0943787e+01 ,  2.9331914e+00
   6.1000787e+01 ,  1.7463247e+00
   6.1057787e+01 ,  5.5945806e-01
   6.1114787e+01 , -6.2740860e-01
   6.1171787e+01 , -1.8142753e+00
   6.1228787e+01 , -3.0011419e+00
   6.1285787e+01 , -4.1880086e+00
   6.1342787e+01 , -5.3748753e+00
   6.1399787e+01 , -6.5617419e+00
   6.1456787e+01 , -7.7486086e+00
   6.1513787e+01 , -8.9354753e+00
   6.1570787e+01 , -1.0122342e+01
   6.1570787e+01 , -1.0122342e+01
   6.1583454e+01 , -1.1312755e+01
   6.1596120e+01 , -1.2503169e+01
   6.1608787e+01 , -1.3693582e+01
   6.1621454e+01 , -1.4883995e+01
   6.1634120e+01 , -1.6074409e+01
   6.1646787e+01 , -1.7264822e+01
   6.1659454e+01 , -1.8455235e+01
   6.1672120e+01 , -1.9645649e+01
   6.1684787e+01 , -2.0836062e+01
   6.1697454e+01 , -2.2026475e+01
   6.1710120e+01 , -2.3216889e+01
   6.1722787e+01 , -2.4407302e+01
   6.1735454e+01 , -2.5597715e+01
   6.1748120e+01 , -2.6788129e+01
   6.1760787e+01 , -2.7978542e+01
   6.1773454e+01 , -2.9168955e+01
   6.1786120e+01 , -3.0359369e+01
   6.1798787e+01 , -3.1549782e+01
   6.1811454e+01 , -3.2740195e+01
   6.1824120e+01 , -3.3930609e+01
   6.1836787e+01 , -3.5121022e+01
   6.1849454e+01 , -3.6311435e+01
   6.1862120e+01 , -3.7501849e+01
   6.1874787e+01 , -3.8692262e+01
   6.1887454e+01 , -3.9882675e+01
   6.1900120e+01 , -4.1073089e+01
   6.1912787e+01 , -4.2263502e+01
   6.1925454e+01 , -4.3453915e+01
   6.1938120e+01 , -4.4644329e+01
   6.1950787e+01 , -4.5834742e+01
   6.1950787e+01 , -4.5834742e+01
   6.1925454e+01 , -4.7015782e+01
   6.1900120e+01 , -4.8196822e+01
   6.1874787e+01 , -4.9377862e+01
   6.1849454e+01 , -5.0558902e+01
   6.1824120e+01 , -5.1739942e+01
   6.1798787e+01 , -5.2920982e+01
   6.1773454e+01 , -5.4102022e+01
   6.1748120e+01 , -5.5283062e+01
   6.1722787e+01 , -5.6464102e+01
   6.1697454e+01 , -5.7645142e+01
   6.1672120e+01 , -5.8826182e+01
   6.1646787e+01 , -6.0007222e+01
   6.1621454e+01 , -6.1188262e+01
   6.1596120e+01 , -6.2369302e+01
   6.1570787e+01 , -6.3550342e+01
   6.1545454e+01 , -6.4731382e+01
   6.1520120e+01 , -6.5912422e+01
   6.1494787e+01 , -6.7093462e+01
   6.1469454e+01 , -6.8274502e+01
   6.1444120e+01 , -6.9455542e+01
   6.1418787e+01 , -7.0636582e+01
   6.1393454e+01 , -7.1817622e+01
   6.1368120e+01 , -7.2998662e+01
   6.1342787e+01 , -7.4179702e+01
   6.1317454e+01 , -7.5360742e+01
   6.1292120e+01 , -7.6541782e+01
   6.1266787e+01 , -7.7722822e+01
   6.1241454e+01 , -7.8903862e+01
   6.1216120e+01 , -8.0084902e+01
   6.1190787e+01 , -8.1265942e+01
   6.1190787e+01 , -8.1265942e+01
   6.1129987e+01 , -8.2424435e+01
   6.1069187e+01 , -8.3582929e+01
   6.1008387e+01 , -8.4741422e+01
   6.0947587e+01 , -8.5899915e+01
   6.0886787e+01 , -8.7058409e+01
   6.0825987e+01 , -8.8216902e+01
   6.0765187e+01 , -8.9375395e+01
   6.0704387e+01 , -9.0533889e+01
   6.0643587e+01 , -9.1692382e+01
   6.0582787e+01 , -9.2850875e+01
   6.0521987e+01 , -9.4009369e+01
   6.0461187e+01 , -9.5167862e+01
   6.0400387e+01 , -9.6326355e+01
   6.0339587e+01 , -9.7484849e+01
   6.0278787e+01 , -9.8643342e+01
   6.0217987e+01 , -9.9801835e+01
   6.0157187e+01 , -1.0096033e+02
   6.0096387e+01 , -1.0211882e+02
   6.0035587e+01 , -1.0327732e+02
   5.9974787e+01 , -1.0443581e+02
   5.9913987e+01 , -1.0559430e+02
   5.9853187e+01 , -1.0675280e+02
   5.9792387e+01 , -1.0791129e+02
   5.9731587e+01 , -1.0906978e+02
   5.9670787e+01 , -1.1022828e+02
   5.9609987e+01 , -1.1138677e+02
   5.9549187e+01 , -1.1254526e+02
   5.9488387e+01 , -1.1370376e+02
   5.9427587e+01 , -1.1486225e+02
   5.9366787e+01 , -1.1602074e+02
   5.9366787e+01 , -1.1602074e+02
   5.9273560e+01 , -1.1714478e+02
   5.9180334e+01 , -1.1826882e+02
   5.9087107e+01 , -1.1939286e+02
   5.8993880e+01 , -1.2051690e+02
   5.8900654e+01 , -1.2164094e+02
   5.8807427e+01 , -1.2276498e+02
   5.8714200e+01 , -1.2388902e+02
   5.8620974e+01 , -1.2501306e+02
   5.8527747e+01 , -1.2613710e+02
   5.8434520e+01 , -1.2726114e+02
   5.8341294e+01 , -1.2838518e+02
   5.8248067e+01 , -1.2950922e+02
   5.8154840e+01 , -1.3063326e+02
   5.8061614e+01 , -1.3175730e+02
   5.7968387e+01 , -1.3288134e+02
   5.7875160e+01 , -1.3400538e+02
   5.7781934e+01 , -1.3512942e+02
   5.7688707e+01 , -1.3625346e+02
   5.7595480e+01 , -1.3737750e+02
   5.7502254e+01 , -1.3850154e+02
   5.7409027e+01 , -1.3962558e+02
   5.7315800e+01 , -1.4074962e+02
   5.7222574e+01 , -1.4187366e+02
   5.7129347e+01 , -1.4299770e+02
   5.7036120e+01 , -1.4412174e+02
   5.6942894e+01 , -1.4524578e+02
   5.6849667e+01 , -1.4636982e+02
   5.6756440e+01 , -1.4749386e+02
   5.6663214e+01 , -1.4861790e+02
   5.6569987e+01 , -1.4974194e+02
   5.6569987e+01 , -1.4974194e+02
   5.6447120e+01 , -1.5081988e+02
   5.6324254e+01 , -1.5189781e+02
   5.6201387e+01 , -1.5297574e+02
   5.6078520e+01 , -1.5405368e+02
   5.5955654e+01 , -1.5513161e+02
   5.5832787e+01 , -1.5620954e+02
   5.5709920e+01 , -1.5728748e+02
   5.5587054e+01 , -1.5836541e+02
   5.5464187e+01 , -1.5944334e+02
   5.5341320e+01 , -1.6052128e+02
   5.5218454e+01 , -1.6159921e+02
   5.5095587e+01 , -1.6267714e+02
   5.4972720e+01 , -1.6375508e+02
   5.4849854e+01 , -1.6483301e+02
   5.4726987e+01 , -1.6591094e+02
   5.4604120e+01 , -1.6698888e+02
   5.4481254e+01 , -1.6806681e+02
   5.4358387e+01 , -1.6914474e+02
   5.4235520e+01 , -1.7022268e+02
   5.4112654e+01 , -1.7130061e+02
   5.3989787e+01 , -1.7237854e+02
   5.3866920e+01 , -1.7345648e+02
   5.3744054e+01 , -1.7453441e+02
   5.3621187e+01 , -1.7561234e+02
   5.3498320e+01 , -1.7669028e+02
   5.3375454e+01 , -1.7776821e+02
   5.3252587e+01 , -1.7884614e+02
   5.3129720e+01 , -1.7992408e+02
   5.3006854e+01 , -1.8100201e+02
   5.2883987e+01 , -1.8207994e+02
   5.2883987e+01 , -1.8207994e+02
   5.2733760e+01 , -1.8310012e+02
   5.2583534e+01 , -1.8412029e+02
   5.2433307e+01 , -1.8514046e+02
   5.2283080e+01 , -1.8616064e+02
   5.2132854e+01 , -1.8718081e+02
   5.1982627e+01 , -1.8820098e+02
   5.1832400e+01 , -1.8922116e+02
   5.1682174e+01 , -1.9024133e+02
   5.1531947e+01 , -1.9126150e+02
   5.1381720e+01 , -1.9228168e+02
   5.1231494e+01 , -1.9330185e+02
   5.1081267e+01 , -1.9432202e+02
   5.0931040e+01 , -1.9534220e+02
   5.0780814e+01 , -1.9636237e+02
   5.0630587e+01 , -1.9738254e+02
   5.0480360e+01 , -1.9840272e+02
   5.0330134e+01 , -1.9942289e+02
   5.0179907e+01 , -2.0044306e+02
   5.0029680e+01 , -2.0146324e+02
   4.9879454e+01 , -2.0248341e+02
   4.9729227e+01 , -2.0350358e+02
   4.9579000e+01 , -2.0452376e+02
   4.9428774e+01 , -2.0554393e+02
   4.9278547e+01 , -2.0656410e+02
   4.9128320e+01 , -2.0758428e+02
   4.8978094e+01 , -2.0860445e+02
   4.8827867e+01 , -2.0962462e+02
   4.8677640e+01 , -2.1064480e+02
   4.8527414e+01 , -2.1166497e+02
   4.8377187e+01 , -2.1268514e+02
   4.8377187e+01 , -2.1268514e+02
   4.8202894e+01 , -2.1363742e+02
   4.8028600e+01 , -2.1458970e+02
   4.7854307e+01 , -2.1554198e+02
   4.7680014e+01 , -2.1649426e+02
   4.7505720e+01 , -2.1744654e+02
   4.7331427e+01 , -2.1839882e+02
   4.7157134e+01 , -2.1935110e+02
   4.6982840e+01 , -2.2030338e+02
   4.6808547e+01 , -2.2125566e+02
   4.6634254e+01 , -2.2220794e+02
   4.6459960e+01 , -2.2316022e+02
   4.6285667e+01 , -2.2411250e+02
   4.6111374e+01 , -2.2506478e+02
   4.5937080e+01 , -2.2601706e+02
   4.5762787e+01 , -2.2696934e+02
   4.5588494e+01 , -2.2792162e+02
   4.5414200e+01 , -2.2887390e+02
   4.5239907e+01 , -2.2982618e+02
   4.5065614e+01 , -2.3077846e+02
   4.4891320e+01 , -2.3173074e+02
   4.4717027e+01 , -2.3268302e+02
   4.4542734e+01 , -2.3363530e+02
   4.4368440e+01 , -2.3458758e+02
   4.4194147e+01 , -2.3553986e+02
   4.4019854e+01 , -2.3649214e+02
   4.3845560e+01 , -2.3744442e+02
   4.3671267e+01 , -2.3839670e+02
   4.3496974e+01 , -2.3934898e+02
   4.3322680e+01 , -2.4030126e+02
   4.3148387e+01 , -2.4125354e+02
   4.3148387e+01 , -2.4125354e+02
   4.2953067e+01 , -2.4212754e+02
   4.2757747e+01 , -2.4300154e+02
   4.2562427e+01 , -2.4387554e+02
   4.2367107e+01 , -2.4474954e+02
   4.2171787e+01 , -2.4562354e+02
   4.1976467e+01 , -2.4649754e+02
   4.1781147e+01 , -2.4737154e+02
   4.1585827e+01 , -2.4824554e+02
   4.1390507e+01 , -2.4911954e+02
   4.1195187e+01 , -2.4999354e+02
   4.0999867e+01 , -2.5086754e+02
   4.0804547e+01 , -2.5174154e+02
   4.0609227e+01 , -2.5261554e+02
   4.0413907e+01 , -2.5348954e+02
   4.0218587e+01 , -2.5436354e+02
   4.0023267e+01 , -2.5523754e+02
   3.9827947e+01 , -2.5611154e+02
   3.9632627e+01 , -2.5698554e+02
   3.9437307e+01 , -2.5785954e+02
   3.9241987e+01 , -2.5873354e+02
   3.9046667e+01 , -2.5960754e+02
   3.8851347e+01 , -2.6048154e+02
   3.8656027e+01 , -2.6135554e+02
   3.8460707e+01 , -2.6222954e+02
   3.8265387e+01 , -2.6310354e+02
   3.8070067e+01 , -2.6397754e+02
   3.7874747e+01 , -2.6485154e+02
   3.7679427e+01 , -2.6572554e+02
   3.7484107e+01 , -2.6659954e+02
   3.7288787e+01 , -2.6747354e+02
   3.7288787e+01 , -2.6747354e+02
   3.7075734e+01 , -2.6826065e+02
   3.6862680e+01 , -2.6904776e+02
   3.6649627e+01 , -2.6983486e+02
   3.6436574e+01 , -2.7062197e+02
   3.6223520e+01 , -2.7140908e+02
   3.6010467e+01 , -2.7219618e+02
   3.5797414e+01 , -2.7298329e+02
   3.5584360e+01 , -2.7377040e+02
   3.5371307e+01 , -2.7455750e+02
   3.5158254e+01 , -2.7534461e+02
   3.4945200e+01 , -2.7613172e+02
   3.4732147e+01 , -2.7691882e+02
   3.4519094e+01 , -2.7770593e+02
   3.4306040e+01 , -2.7849304e+02
   3.4092987e+01 , -2.7928014e+02
   3.3879934e+01 , -2.8006725e+02
   3.3666880e+01 , -2.8085436e+02
   3.3453827e+01 , -2.8164146e+02
   3.3240774e+01 , -2.8242857e+02
   3.3027720e+01 , -2.8321568e+02
   3.2814667e+01 , -2.8400278e+02
   3.2601614e+01 , -2.8478989e+02
   3.2388560e+01 , -2.8557700e+02
   3.2175507e+01 , -2.8636410e+02
   3.1962454e+01 , -2.8715121e+02
   3.1749400e+01 , -2.8793832e+02
   3.1536347e+01 , -2.8872542e+02
   3.1323294e+01 , -2.8951253e+02
   3.1110240e+01 , -2.9029964e+02
   3.0897187e+01 , -2.9108674e+02
   3.0897187e+01 , -2.9108674e+02
   3.0670200e+01 , -2.9177834e+02
   3.0443214e+01 , -2.9246994e+02
   3.0216227e+01 , -2.9316154e+02
   2.9989240e+01 , -2.9385314e+02
   2.9762254e+01 , -2.9454474e+02
   2.9535267e+01 , -2.9523634e+02
   2.9308280e+01 , -2.9592794e+02
   2.9081294e+01 , -2.9661954e+02
   2.8854307e+01 , -2.9731114e+02
   2.8627320e+01 , -2.9800274e+02
   2.8400334e+01 , -2.9869434e+02
   2.8173347e+01 , -2.9938594e+02
   2.7946360e+01 , -3.0007754e+02
   2.7719374e+01 , -3.0076914e+02
   2.7492387e+01 , -3.0146074e+02
   2.7265400e+01 , -3.0215234e+02
   2.7038414e+01 , -3.0284394e+02
   2.6811427e+01 , -3.0353554e+02
   2.6584440e+01 , -3.0422714e+02
   2.6357454e+01 , -3.0491874e+02
   2.6130467e+01 , -3.0561034e+02
   2.5903480e+01 , -3.0630194e+02
   2.5676494e+01 , -3.0699354e+02
   2.5449507e+01 , -3.0768514e+02
   2.5222520e+01 , -3.0837674e+02
   2.4995534e+01 , -3.0906834e+02
   2.4768547e+01 , -3.0975994e+02
   2.4541560e+01 , -3.1045154e+02
   2.4314574e+01 , -3.1114314e+02
   2.4087587e+01 , -3.1183474e+02
   2.4087587e+01 , -3.1183474e+02
   2.3849707e+01 , -3.1242425e+02
   2.3611827e+01 , -3.1301376e+02
   2.3373947e+01 , -3.1360326e+02
   2.3136067e+01 , -3.1419277e+02
   2.2898187e+01 , -3.1478228e+02
   2.2660307e+01 , -3.1537178e+02
   2.2422427e+01 , -3.1596129e+02
   2.2184547e+01 , -3.1655080e+02
   2.1946667e+01 , -3.1714030e+02
   2.1708787e+01 , -3.1772981e+02
   2.1470907e+01 , -3.1831932e+02
   2.1233027e+01 , -3.1890882e+02
   2.0995147e+01 , -3.1949833e+02
   2.0757267e+01 , -3.2008784e+02
   2.0519387e+01 , -3.2067734e+02
   2.0281507e+01 , -3.2126685e+02
   2.0043627e+01 , -3.2185636e+02
   1.9805747e+01 , -3.2244586e+02
   1.9567867e+01 , -3.2303537e+02
   1.9329987e+01 , -3.2362488e+02
   1.9092107e+01 , -3.2421438e+02
   1.8854227e+01 , -3.2480389e+02
   1.8616347e+01 , -3.2539340e+02
   1.8378467e+01 , -3.2598290e+02
   1.8140587e+01 , -3.2657241e+02
   1.7902707e+01 , -3.2716192e+02
   1.7664827e+01 , -3.2775142e+02
   1.7426947e+01 , -3.2834093e+02
   1.7189067e+01 , -3.2893044e+02
   1.6951187e+01 , -3.2951994e+02
   1.6951187e+01 , -3.2951994e+02
   1.6706720e+01 , -3.3000178e+02
   1.6462254e+01 , -3.3048362e+02
   1.6217787e+01 , -3.3096546e+02
   1.5973320e+01 , -3.3144730e+02
   1.5728854e+01 , -3.3192914e+02
   1.5484387e+01 , -3.3241098e+02
   1.5239920e+01 , -3.3289282e+02
   1.4995454e+01 , -3.3337466e+02
   1.4750987e+01 , -3.3385650e+02
   1.4506520e+01 , -3.3433834e+02
   1.4262054e+01 , -3.3482018e+02
   1.4017587e+01 , -3.3530202e+02
   1.3773120e+01 , -3.3578386e+02
   1.3528654e+01 , -3.3626570e+02
   1.3284187e+01 , -3.3674754e+02
   1.3039720e+01 , -3.3722938e+02
   1.2795254e+01 , -3.3771122e+02
   1.2550787e+01 , -3.3819306e+02
   1.2306320e+01 , -3.3867490e+02
   1.2061854e+01 , -3.3915674e+02
   1.1817387e+01 , -3.3963858e+02
   1.1572920e+01 , -3.4012042e+02
   1.1328454e+01 , -3.4060226e+02
   1.1083987e+01 , -3.4108410e+02
   1.0839520e+01 , -3.4156594e+02
   1.0595054e+01 , -3.4204778e+02
   1.0350587e+01 , -3.4252962e+02
   1.0106120e+01 , -3.4301146e+02
   9.8616538e+00 , -3.4349330e+02
   9.6171871e+00 , -3.4397514e+02
   9.6171871e+00 , -3.4397514e+02
   9.3701871e+00 , -3.4434526e+02
   9.1231871e+00 , -3.4471538e+02
   8.8761871e+00 , -3.4508550e+02
   8.6291871e+00 , -3.4545562e+02
   8.3821871e+00 , -3.4582574e+02
   8.1351871e+00 , -3.4619586e+02
   7.8881871e+00 , -3.4656598e+02
   7.6411871e+00 , -3.4693610e+02
   7.3941871e+00 , -3.4730622e+02
   7.1471871e+00 , -3.4767634e+02
   6.9001871e+00 , -3.4804646e+02
   6.6531871e+00 , -3.4841658e+02
   6.4061871e+00 , -3.4878670e+02
   6.1591871e+00 , -3.4915682e+02
   5.9121871e+00 , -3.4952694e+02
   5.6651871e+00 , -3.4989706e+02
   5.4181871e+00 , -3.5026718e+02
   5.1711871e+00 , -3.5063730e+02
   4.9241871e+00 , -3.5100742e+02
   4.6771871e+00 , -3.5137754e+02
   4.4301871e+00 , -3.5174766e+02
   4.1831871e+00 , -3.5211778e+02
   3.9361871e+00 , -3.5248790e+02
   3.6891871e+00 , -3.5285802e+02
   3.4421871e+00 , -3.5322814e+02
   3.1951871e+00 , -3.5359826e+02
   2.9481871e+00 , -3.5396838e+02
   2.7011871e+00 , -3.5433850e+02
   2.4541871e+00 , -3.5470862e+02
   2.2071871e+00 , -3.5507874e+02
   2.2071871e+00 , -3.5507874e+02
   1.9622138e+00 , -3.5533512e+02
   1.7172404e+00 , -3.5559149e+02
   1.4722671e+00 , -3.5584786e+02
   1.2272938e+00 , -3.5610424e+02
   9.8232043e-01 , -3.5636061e+02
   7.3734710e-01 , -3.5661698e+02
   4.9237376e-01 , -3.5687336e+02
   2.4740043e-01 , -3.5712973e+02
   2.4270968e-03 , -3.5738610e+02
  -2.4254624e-01 , -3.5764248e+02
  -4.8751957e-01 , -3.5789885e+02
  -7.3249290e-01 , -3.5815522e+02
  -9.7746624e-01 , -3.5841160e+02
  -1.2224396e+00 , -3.5866797e+02
  -1.4674129e+00 , -3.5892434e+02
  -1.7123862e+00 , -3.5918072e+02
  -1.9573596e+00 , -3.5943709e+02
  -2.2023329e+00 , -3.5969346e+02
  -2.4473062e+00 , -3.5994984e+02
  -2.6922796e+00 , -3.6020621e+02
  -2.9372529e+00 , -3.6046258e+02
  -3.1822262e+00 , -3.6071896e+02
  -3.4271996e+00 , -3.6097533e+02
  -3.6721729e+00 , -3.6123170e+02
  -3.9171462e+00 , -3.6148808e+02
  -4.1621196e+00 , -3.6174445e+02
  -4.4070929e+00 , -3.6200082e+02
  -4.6520662e+00 , -3.6225720e+02
  -4.8970396e+00 , -3.6251357e+02
  -5.1420129e+00 , -3.6276994e+02
  -5.1420129e+00 , -3.6276994e+02
  -5.3771062e+00 , -3.6291510e+02
  -5.6121996e+00 , -3.6306026e+02
  -5.8472929e+00 , -3.6320542e+02
  -6.0823862e+00 , -3.6335058e+02
  -6.3174796e+00 , -3.6349574e+02
  -6.5525729e+00 , -3.6364090e+02
  -6.7876662e+00 , -3.6378606e+02
  -7.0227596e+00 , -3.6393122e+02
  -7.2578529e+00 , -3.6407638e+02
  -7.4929462e+00 , -3.6422154e+02
  -7.7280396e+00 , -3.6436670e+02
  -7.9631329e+00 , -3.6451186e+02
  -8.1982262e+00 , -3.6465702e+02
  -8.4333196e+00 , -3.6480218e+02
  -8.6684129e+00 , -3.6494734e+02
  -8.9035062e+00 , -3.6509250e+02
  -9.1385996e+00 , -3.6523766e+02
  -9.3736929e+00 , -3.6538282e+02
  -9.6087862e+00 , -3.6552798e+02
  -9.8438796e+00 , -3.6567314e+02
  -1.0078973e+01 , -3.6581830e+02
  -1.0314066e+01 , -3.6596346e+02
  -1.0549160e+01 , -3.6610862e+02
  -1.0784253e+01 , -3.6625378e+02
  -1.1019346e+01 , -3.6639894e+02
  -1.1254440e+01 , -3.6654410e+02
  -1.1489533e+01 , -3.6668926e+02
  -1.1724626e+01 , -3.6683442e+02
  -1.1959720e+01 , -3.6697958e+02
  -1.2194813e+01 , -3.6712474e+02
  -1.2194813e+01 , -3.6712474e+02
  -1.2353906e+01 , -3.6716274e+02
  -1.2513000e+01 , -3.6720074e+02
  -1.2672093e+01 , -3.6723874e+02
  -1.2831186e+01 , -3.6727674e+02
  -1.2990280e+01 , -3.6731474e+02
  -1.3149373e+01 , -3.6735274e+02
  -1.3308466e+01 , -3.6739074e+02
  -1.3467560e+01 , -3.6742874e+02
  -1.3626653e+01 , -3.6746674e+02
  -1.3785746e+01 , -3.6750474e+02
  -1.3944840e+01 , -3.6754274e+02
  -1.4103933e+01 , -3.6758074e+02
  -1.4263026e+01 , -3.6761874e+02
  -1.4422120e+01 , -3.6765674e+02
  -1.4581213e+01 , -3.6769474e+02
  -1.4740306e+01 , -3.6773274e+02
  -1.4899400e+01 , -3.6777074e+02
  -1.5058493e+01 , -3.6780874e+02
  -1.5217586e+01 , -3.6784674e+02
  -1.5376680e+01 , -3.6788474e+02
  -1.5535773e+01 , -3.6792274e+02
  -1.5694866e+01 , -3.6796074e+02
  -1.5853960e+01 , -3.6799874e+02
  -1.6013053e+01 , -3.6803674e+02
  -1.6172146e+01 , -3.6807474e+02
  -1.6331240e+01 , -3.6811274e+02
  -1.6490333e+01 , -3.6815074e+02
  -1.6649426e+01 , -3.6818874e+02
  -1.6808520e+01 , -3.6822674e+02
  -1.6967613e+01 , -3.6826474e+02
  -1.6967613e+01 , -3.6826474e+02
  -1.7017266e+01 , -3.6826018e+02
  -1.7066920e+01 , -3.6825562e+02
  -1.7116573e+01 , -3.6825106e+02
  -1.7166226e+01 , -3.6824650e+02
  -1.7215880e+01 , -3.6824194e+02
  -1.7265533e+01 , -3.6823738e+02
  -1.7315186e+01 , -3.6823282e+02
  -1.7364840e+01 , -3.6822826e+02
  -1.7414493e+01 , -3.6822370e+02
  -1.7464146e+01 , -3.6821914e+02
  -1.7513800e+01 , -3.6821458e+02
  -1.7563453e+01 , -3.6821002e+02
  -1.7613106e+01 , -3.6820546e+02
  -1.7662760e+01 , -3.6820090e+02
  -1.7712413e+01 , -3.6819634e+02
  -1.7762066e+01 , -3.6819178e+02
  -1.7811720e+01 , -3.6818722e+02
  -1.7861373e+01 , -3.6818266e+02
  -1.7911026e+01 , -3.6817810e+02
  -1.7960680e+01 , -3.6817354e+02
  -1.8010333e+01 , -3.6816898e+02
  -1.8059986e+01 , -3.6816442e+02
  -1.8109640e+01 , -3.6815986e+02
  -1.8159293e+01 , -3.6815530e+02
  -1.8208946e+01 , -3.6815074e+02
  -1.8258600e+01 , -3.6814618e+02
  -1.8308253e+01 , -3.6814162e+02
  -1.8357906e+01 , -3.6813706e+02
  -1.8407560e+01 , -3.6813250e+02
  -1.8457213e+01 , -3.6812794e+02
  -1.8457213e+01 , -3.6812794e+02
  -1.8622133e+01 , -3.6802357e+02
  -1.8787053e+01 , -3.6791920e+02
  -1.8951973e+01 , -3.6781482e+02
  -1.9116893e+01 , -3.6771045e+02
  -1.9281813e+01 , -3.6760608e+02
  -1.9446733e+01 , -3.6750170e+02
  -1.9611653e+01 , -3.6739733e+02
  -1.9776573e+01 , -3.6729296e+02
  -1.9941493e+01 , -3.6718858e+02
  -2.0106413e+01 , -3.6708421e+02
  -2.0271333e+01 , -3.6697984e+02
  -2.0436253e+01 , -3.6687546e+02
  -2.0601173e+01 , -3.6677109e+02
  -2.0766093e+01 , -3.6666672e+02
  -2.0931013e+01 , -3.6656234e+02
  -2.1095933e+01 , -3.6645797e+02
  -2.1260853e+01 , -3.6635360e+02
  -2.1425773e+01 , -3.6624922e+02
  -2.1590693e+01 , -3.6614485e+02
  -2.1755613e+01 , -3.6604048e+02
  -2.1920533e+01 , -3.6593610e+02
  -2.2085453e+01 , -3.6583173e+02
  -2.2250373e+01 , -3.6572736e+02
  -2.2415293e+01 , -3.6562298e+02
  -2.2580213e+01 , -3.6551861e+02
  -2.2745133e+01 , -3.6541424e+02
  -2.2910053e+01 , -3.6530986e+02
  -2.3074973e+01 , -3.6520549e+02
  -2.3239893e+01 , -3.6510112e+02
  -2.3404813e+01 , -3.6499674e+02
  -2.3404813e+01 , -3.6499674e+02
  -2.3540346e+01 , -3.6474062e+02
  -2.3675880e+01 , -3.6448450e+02
  -2.3811413e+01 , -3.6422838e+02
  -2.3946946e+01 , -3.6397226e+02
  -2.4082480e+01 , -3.6371614e+02
  -2.4218013e+01 , -3.6346002e+02
  -2.4353546e+01 , -3.6320390e+02
  -2.4489080e+01 , -3.6294778e+02
  -2.4624613e+01 , -3.6269166e+02
  -2.4760146e+01 , -3.6243554e+02
  -2.4895680e+01 , -3.6217942e+02
  -2.5031213e+01 , -3.6192330e+02
  -2.5166746e+01 , -3.6166718e+02
  -2.5302280e+01 , -3.6141106e+02
  -2.5437813e+01 , -3.6115494e+02
  -2.5573346e+01 , -3.6089882e+02
  -2.5708880e+01 , -3.6064270e+02
  -2.5844413e+01 , -3.6038658e+02
  -2.5979946e+01 , -3.6013046e+02
  -2.6115480e+01 , -3.5987434e+02
  -2.6251013e+01 , -3.5961822e+02
  -2.6386546e+01 , -3.5936210e+02
  -2.6522080e+01 , -3.5910598e+02
  -2.6657613e+01 , -3.5884986e+02
  -2.6793146e+01 , -3.5859374e+02
  -2.6928680e+01 , -3.5833762e+02
  -2.7064213e+01 , -3.5808150e+02
  -2.7199746e+01 , -3.5782538e+02
  -2.7335280e+01 , -3.5756926e+02
  -2.7470813e+01 , -3.5731314e+02
  -2.7470813e+01 , -3.5731314e+02
  -2.7592920e+01 , -3.5691668e+02
  -2.7715026e+01 , -3.5652021e+02
  -2.7837133e+01 , -3.5612374e+02
  -2.7959240e+01 , -3.5572728e+02
  -2.8081346e+01 , -3.5533081e+02
  -2.8203453e+01 , -3.5493434e+02
  -2.8325560e+01 , -3.5453788e+02
  -2.8447666e+01 , -3.5414141e+02
  -2.8569773e+01 , -3.5374494e+02
  -2.8691880e+01 , -3.5334848e+02
  -2.8813986e+01 , -3.5295201e+02
  -2.8936093e+01 , -3.5255554e+02
  -2.9058200e+01 , -3.5215908e+02
  -2.9180306e+01 , -3.5176261e+02
  -2.9302413e+01 , -3.5136614e+02
  -2.9424520e+01 , -3.5096968e+02
  -2.9546626e+01 , -3.5057321e+02
  -2.9668733e+01 , -3.5017674e+02
  -2.9790840e+01 , -3.4978028e+02
  -2.9912946e+01 , -3.4938381e+02
  -3.0035053e+01 , -3.4898734e+02
  -3.0157160e+01 , -3.4859088e+02
  -3.0279266e+01 , -3.4819441e+02
  -3.0401373e+01 , -3.4779794e+02
  -3.0523480e+01 , -3.4740148e+02
  -3.0645586e+01 , -3.4700501e+02
  -3.0767693e+01 , -3.4660854e+02
  -3.0889800e+01 , -3.4621208e+02
  -3.1011906e+01 , -3.4581561e+02
  -3.1134013e+01 , -3.4541914e+02
  -3.1134013e+01 , -3.4541914e+02
  -3.1239653e+01 , -3.4488942e+02
  -3.1345293e+01 , -3.4435970e+02
  -3.1450933e+01 , -3.4382998e+02
  -3.1556573e+01 , -3.4330026e+02
  -3.1662213e+01 , -3.4277054e+02
  -3.1767853e+01 , -3.4224082e+02
  -3.1873493e+01 , -3.4171110e+02
  -3.1979133e+01 , -3.4118138e+02
  -3.2084773e+01 , -3.4065166e+02
  -3.2190413e+01 , -3.4012194e+02
  -3.2296053e+01 , -3.3959222e+02
  -3.2401693e+01 , -3.3906250e+02
  -3.2507333e+01 , -3.3853278e+02
  -3.2612973e+01 , -3.3800306e+02
  -3.2718613e+01 , -3.3747334e+02
  -3.2824253e+01 , -3.3694362e+02
  -3.2929893e+01 , -3.3641390e+02
  -3.3035533e+01 , -3.3588418e+02
  -3.3141173e+01 , -3.3535446e+02
  -3.3246813e+01 , -3.3482474e+02
  -3.3352453e+01 , -3.3429502e+02
  -3.3458093e+01 , -3.3376530e+02
  -3.3563733e+01 , -3.3323558e+02
  -3.3669373e+01 , -3.3270586e+02
  -3.3775013e+01 , -3.3217614e+02
  -3.3880653e+01 , -3.3164642e+02
  -3.3986293e+01 , -3.3111670e+02
  -3.4091933e+01 , -3.3058698e+02
  -3.4197573e+01 , -3.3005726e+02
  -3.4303213e+01 , -3.2952754e+02
  -3.4303213e+01 , -3.2952754e+02
  -3.4391120e+01 , -3.2887116e+02
  -3.4479026e+01 , -3.2821477e+02
  -3.4566933e+01 , -3.2755838e+02
  -3.4654840e+01 , -3.2690200e+02
  -3.4742746e+01 , -3.2624561e+02
  -3.4830653e+01 , -3.2558922e+02
  -3.4918560e+01 , -3.2493284e+02
  -3.5006466e+01 , -3.2427645e+02
  -3.5094373e+01 , -3.2362006e+02
  -3.5182280e+01 , -3.2296368e+02
  -3.5270186e+01 , -3.2230729e+02
  -3.5358093e+01 , -3.2165090e+02
  -3.5446000e+01 , -3.2099452e+02
  -3.5533906e+01 , -3.2033813e+02
  -3.5621813e+01 , -3.1968174e+02
  -3.5709720e+01 , -3.1902536e+02
  -3.5797626e+01 , -3.1836897e+02
  -3.5885533e+01 , -3.1771258e+02
  -3.5973440e+01 , -3.1705620e+02
  -3.6061346e+01 , -3.1639981e+02
  -3.6149253e+01 , -3.1574342e+02
  -3.6237160e+01 , -3.1508704e+02
  -3.6325066e+01 , -3.1443065e+02
  -3.6412973e+01 , -3.1377426e+02
  -3.6500880e+01 , -3.1311788e+02
  -3.6588786e+01 , -3.1246149e+02
  -3.6676693e+01 , -3.1180510e+02
  -3.6764600e+01 , -3.1114872e+02
  -3.6852506e+01 , -3.1049233e+02
  -3.6940413e+01 , -3.0983594e+02
  -3.6940413e+01 , -3.0983594e+02
  -3.7010080e+01 , -3.0905922e+02
  -3.7079746e+01 , -3.0828250e+02
  -3.7149413e+01 , -3.0750578e+02
  -3.7219080e+01 , -3.0672906e+02
  -3.7288746e+01 , -3.0595234e+02
  -3.7358413e+01 , -3.0517562e+02
  -3.7428080e+01 , -3.0439890e+02
  -3.7497746e+01 , -3.0362218e+02
  -3.7567413e+01 , -3.0284546e+02
  -3.7637080e+01 , -3.0206874e+02
  -3.7706746e+01 , -3.0129202e+02
  -3.7776413e+01 , -3.0051530e+02
  -3.7846080e+01 , -2.9973858e+02
  -3.7915746e+01 , -2.9896186e+02
  -3.7985413e+01 , -2.9818514e+02
  -3.8055080e+01 , -2.9740842e+02
  -3.8124746e+01 , -2.9663170e+02
  -3.8194413e+01 , -2.9585498e+02
  -3.8264080e+01 , -2.9507826e+02
  -3.8333746e+01 , -2.9430154e+02
  -3.8403413e+01 , -2.9352482e+02
  -3.8473080e+01 , -2.9274810e+02
  -3.8542746e+01 , -2.9197138e+02
  -3.8612413e+01 , -2.9119466e+02
  -3.8682080e+01 , -2.9041794e+02
  -3.8751746e+01 , -2.8964122e+02
  -3.8821413e+01 , -2.8886450e+02
  -3.8891080e+01 , -2.8808778e+02
  -3.8960746e+01 , -2.8731106e+02
  -3.9030413e+01 , -2.8653434e+02
  -3.9030413e+01 , -2.8653434e+02
  -3.9082853e+01 , -2.8564565e+02
  -3.9135293e+01 , -2.8475696e+02
  -3.9187733e+01 , -2.8386826e+02
  -3.9240173e+01 , -2.8297957e+02
  -3.9292613e+01 , -2.8209088e+02
  -3.9345053e+01 , -2.8120218e+02
  -3.9397493e+01 , -2.8031349e+02
  -3.9449933e+01 , -2.7942480e+02
  -3.9502373e+01 , -2.7853610e+02
  -3.9554813e+01 , -2.7764741e+02
  -3.9607253e+01 , -2.7675872e+02
  -3.9659693e+01 , -2.7587002e+02
  -3.9712133e+01 , -2.7498133e+02
  -3.9764573e+01 , -2.7409264e+02
  -3.9817013e+01 , -2.7320394e+02
  -3.9869453e+01 , -2.7231525e+02
  -3.9921893e+01 , -2.7142656e+02
  -3.9974333e+01 , -2.7053786e+02
  -4.0026773e+01 , -2.6964917e+02
  -4.0079213e+01 , -2.6876048e+02
  -4.0131653e+01 , -2.6787178e+02
  -4.0184093e+01 , -2.6698309e+02
  -4.0236533e+01 , -2.6609440e+02
  -4.0288973e+01 , -2.6520570e+02
  -4.0341413e+01 , -2.6431701e+02
  -4.0393853e+01 , -2.6342832e+02
  -4.0446293e+01 , -2.6253962e+02
  -4.0498733e+01 , -2.6165093e+02
  -4.0551173e+01 , -2.6076224e+02
  -4.0603613e+01 , -2.5987354e+02
  -4.0603613e+01 , -2.5987354e+02
  -4.0638826e+01 , -2.5888276e+02
  -4.0674040e+01 , -2.5789197e+02
  -4.0709253e+01 , -2.5690118e+02
  -4.0744466e+01 , -2.5591040e+02
  -4.0779680e+01 , -2.5491961e+02
  -4.0814893e+01 , -2.5392882e+02
  -4.0850106e+01 , -2.5293804e+02
  -4.0885320e+01 , -2.5194725e+02
  -4.0920533e+01 , -2.5095646e+02
  -4.0955746e+01 , -2.4996568e+02
  -4.0990960e+01 , -2.4897489e+02
  -4.1026173e+01 , -2.4798410e+02
  -4.1061386e+01 , -2.4699332e+02
  -4.1096600e+01 , -2.4600253e+02
  -4.1131813e+01 , -2.4501174e+02
  -4.1167026e+01 , -2.4402096e+02
  -4.1202240e+01 , -2.4303017e+02
  -4.1237453e+01 , -2.4203938e+02
  -4.1272666e+01 , -2.4104860e+02
  -4.1307880e+01 , -2.4005781e+02
  -4.1343093e+01 , -2.3906702e+02
  -4.1378306e+01 , -2.3807624e+02
  -4.1413520e+01 , -2.3708545e+02
  -4.1448733e+01 , -2.3609466e+02
  -4.1483946e+01 , -2.3510388e+02
  -4.1519160e+01 , -2.3411309e+02
  -4.1554373e+01 , -2.3312230e+02
  -4.1589586e+01 , -2.3213152e+02
  -4.1624800e+01 , -2.3114073e+02
  -4.1660013e+01 , -2.3014994e+02
  -4.1660013e+01 , -2.3014994e+02
  -4.1679773e+01 , -2.2906770e+02
  -4.1699533e+01 , -2.2798546e+02
  -4.1719293e+01 , -2.2690322e+02
  -4.1739053e+01 , -2.2582098e+02
  -4.1758813e+01 , -2.2473874e+02
  -4.1778573e+01 , -2.2365650e+02
  -4.1798333e+01 , -2.2257426e+02
  -4.1818093e+01 , -2.2149202e+02
  -4.1837853e+01 , -2.2040978e+02
  -4.1857613e+01 , -2.1932754e+02
  -4.1877373e+01 , -2.1824530e+02
  -4.1897133e+01 , -2.1716306e+02
  -4.1916893e+01 , -2.1608082e+02
  -4.1936653e+01 , -2.1499858e+02
  -4.1956413e+01 , -2.1391634e+02
  -4.1976173e+01 , -2.1283410e+02
  -4.1995933e+01 , -2.1175186e+02
  -4.2015693e+01 , -2.1066962e+02
  -4.2035453e+01 , -2.0958738e+02
  -4.2055213e+01 , -2.0850514e+02
  -4.2074973e+01 , -2.0742290e+02
  -4.2094733e+01 , -2.0634066e+02
  -4.2114493e+01 , -2.0525842e+02
  -4.2134253e+01 , -2.0417618e+02
  -4.2154013e+01 , -2.0309394e+02
  -4.2173773e+01 , -2.0201170e+02
  -4.2193533e+01 , -2.0092946e+02
  -4.2213293e+01 , -1.9984722e+02
  -4.2233053e+01 , -1.9876498e+02
  -4.2252813e+01 , -1.9768274e+02
  -4.2252813e+01 , -1.9768274e+02
  -4.2257626e+01 , -1.9652172e+02
  -4.2262440e+01 , -1.9536069e+02
  -4.2267253e+01 , -1.9419966e+02
  -4.2272066e+01 , -1.9303864e+02
  -4.2276880e+01 , -1.9187761e+02
  -4.2281693e+01 , -1.9071658e+02
  -4.2286506e+01 , -1.8955556e+02
  -4.2291320e+01 , -1.8839453e+02
  -4.2296133e+01 , -1.8723350e+02
  -4.2300946e+01 , -1.8607248e+02
  -4.2305760e+01 , -1.8491145e+02
  -4.2310573e+01 , -1.8375042e+02
  -4.2315386e+01 , -1.8258940e+02
  -4.2320200e+01 , -1.8142837e+02
  -4.2325013e+01 , -1.8026734e+02
  -4.2329826e+01 , -1.7910632e+02
  -4.2334640e+01 , -1.7794529e+02
  -4.2339453e+01 , -1.7678426e+02
  -4.2344266e+01 , -1.7562324e+02
  -4.2349080e+01 , -1.7446221e+02
  -4.2353893e+01 , -1.7330118e+02
  -4.2358706e+01 , -1.7214016e+02
  -4.2363520e+01 , -1.7097913e+02
  -4.2368333e+01 , -1.6981810e+02
  -4.2373146e+01 , -1.6865708e+02
  -4.2377960e+01 , -1.6749605e+02
  -4.2382773e+01 , -1.6633502e+02
  -4.2387586e+01 , -1.6517400e+02
  -4.2392400e+01 , -1.6401297e+02
  -4.2397213e+01 , -1.6285194e+02
  -4.2397213e+01 , -1.6285194e+02
  -4.2388346e+01 , -1.6162606e+02
  -4.2379480e+01 , -1.6040018e+02
  -4.2370613e+01 , -1.5917430e+02
  -4.2361746e+01 , -1.5794842e+02
  -4.2352880e+01 , -1.5672254e+02
  -4.2344013e+01 , -1.5549666e+02
  -4.2335146e+01 , -1.5427078e+02
  -4.2326280e+01 , -1.5304490e+02
  -4.2317413e+01 , -1.5181902e+02
  -4.2308546e+01 , -1.5059314e+02
  -4.2299680e+01 , -1.4936726e+02
  -4.2290813e+01 , -1.4814138e+02
  -4.2281946e+01 , -1.4691550e+02
  -4.2273080e+01 , -1.4568962e+02
  -4.2264213e+01 , -1.4446374e+02
  -4.2255346e+01 , -1.4323786e+02
  -4.2246480e+01 , -1.4201198e+02
  -4.2237613e+01 , -1.4078610e+02
  -4.2228746e+01 , -1.3956022e+02
  -4.2219880e+01 , -1.3833434e+02
  -4.2211013e+01 , -1.3710846e+02
  -4.2202146e+01 , -1.3588258e+02
  -4.2193280e+01 , -1.3465670e+02
  -4.2184413e+01 , -1.3343082e+02
  -4.2175546e+01 , -1.3220494e+02
  -4.2166680e+01 , -1.3097906e+02
  -4.2157813e+01 , -1.2975318e+02
  -4.2148946e+01 , -1.2852730e+02
  -4.2140080e+01 , -1.2730142e+02
  -4.2131213e+01 , -1.2607554e+02
  -4.2131213e+01 , -1.2607554e+02
  -4.2109173e+01 , -1.2479925e+02
  -4.2087133e+01 , -1.2352296e+02
  -4.2065093e+01 , -1.2224666e+02
  -4.2043053e+01 , -1.2097037e+02
  -4.2021013e+01 , -1.1969408e+02
  -4.1998973e+01 , -1.1841778e+02
  -4.1976933e+01 , -1.1714149e+02
  -4.1954893e+01 , -1.1586520e+02
  -4.1932853e+01 , -1.1458890e+02
  -4.1910813e+01 , -1.1331261e+02
  -4.1888773e+01 , -1.1203632e+02
  -4.1866733e+01 , -1.1076002e+02
  -4.1844693e+01 , -1.0948373e+02
  -4.1822653e+01 , -1.0820744e+02
  -4.1800613e+01 , -1.0693114e+02
  -4.1778573e+01 , -1.0565485e+02
  -4.1756533e+01 , -1.0437856e+02
  -4.1734493e+01 , -1.0310226e+02
  -4.1712453e+01 , -1.0182597e+02
  -4.1690413e+01 , -1.0054968e+02
  -4.1668373e+01 , -9.9273382e+01
  -4.1646333e+01 , -9.7997089e+01
  -4.1624293e+01 , -9.6720795e+01
  -4.1602253e+01 , -9.5444502e+01
  -4.1580213e+01 , -9.4168209e+01
  -4.1558173e+01 , -9.2891915e+01
  -4.1536133e+01 , -9.1615622e+01
  -4.1514093e+01 , -9.0339329e+01
  -4.1492053e+01 , -8.9063035e+01
  -4.1470013e+01 , -8.7786742e+01
  -4.1470013e+01 , -8.7786742e+01
  -4.1435560e+01 , -8.6475995e+01
  -4.1401106e+01 , -8.5165249e+01
  -4.1366653e+01 , -8.3854502e+01
  -4.1332200e+01 , -8.2543755e+01
  -4.1297746e+01 , -8.1233009e+01
  -4.1263293e+01 , -7.9922262e+01
  -4.1228840e+01 , -7.8611515e+01
  -4.1194386e+01 , -7.7300769e+01
  -4.1159933e+01 , -7.5990022e+01
  -4.1125480e+01 , -7.4679275e+01
  -4.1091026e+01 , -7.3368529e+01
  -4.1056573e+01 , -7.2057782e+01
  -4.1022120e+01 , -7.0747035e+01
  -4.0987666e+01 , -6.9436289e+01
  -4.0953213e+01 , -6.8125542e+01
  -4.0918760e+01 , -6.6814795e+01
  -4.0884306e+01 , -6.5504049e+01
  -4.0849853e+01 , -6.4193302e+01
  -4.0815400e+01 , -6.2882555e+01
  -4.0780946e+01 , -6.1571809e+01
  -4.0746493e+01 , -6.0261062e+01
  -4.0712040e+01 , -5.8950315e+01
  -4.0677586e+01 , -5.7639569e+01
  -4.0643133e+01 , -5.6328822e+01
  -4.0608680e+01 , -5.5018075e+01
  -4.0574226e+01 , -5.3707329e+01
  -4.0539773e+01 , -5.2396582e+01
  -4.0505320e+01 , -5.1085835e+01
  -4.0470866e+01 , -4.9775089e+01
  -4.0436413e+01 , -4.8464342e+01
  -4.0436413e+01 , -4.8464342e+01
  -4.0388533e+01 , -4.7135102e+01
  -4.0340653e+01 , -4.5805862e+01
  -4.0292773e+01 , -4.4476622e+01
  -4.0244893e+01 , -4.3147382e+01
  -4.0197013e+01 , -4.1818142e+01
  -4.0149133e+01 , -4.0488902e+01
  -4.0101253e+01 , -3.9159662e+01
  -4.0053373e+01 , -3.7830422e+01
  -4.0005493e+01 , -3.6501182e+01
  -3.9957613e+01 , -3.5171942e+01
  -3.9909733e+01 , -3.3842702e+01
  -3.9861853e+01 , -3.2513462e+01
  -3.9813973e+01 , -3.1184222e+01
  -3.9766093e+01 , -2.9854982e+01
  -3.9718213e+01 , -2.8525742e+01
  -3.9670333e+01 , -2.7196502e+01
  -3.9622453e+01 , -2.5867262e+01
  -3.9574573e+01 , -2.4538022e+01
  -3.9526693e+01 , -2.3208782e+01
  -3.9478813e+01 , -2.1879542e+01
  -3.9430933e+01 , -2.0550302e+01
  -3.9383053e+01 , -1.9221062e+01
  -3.9335173e+01 , -1.7891822e+01
  -3.9287293e+01 , -1.6562582e+01
  -3.9239413e+01 , -1.5233342e+01
  -3.9191533e+01 , -1.3904102e+01
  -3.9143653e+01 , -1.2574862e+01
  -3.9095773e+01 , -1.1245622e+01
  -3.9047893e+01 , -9.9163819e+00
  -3.9000013e+01 , -8.5871419e+00
  -3.9000013e+01 , -8.5871419e+00
  -3.8938200e+01 , -7.2561286e+00
  -3.8876386e+01 , -5.9251153e+00
  -3.8814573e+01 , -4.5941019e+00
  -3.8752760e+01 , -3.2630886e+00
  -3.8690946e+01 , -1.9320753e+00
  -3.8629133e+01 , -6.0106194e-01
  -3.8567320e+01 ,  7.2995140e-01
  -3.8505506e+01 ,  2.0609647e+00
  -3.8443693e+01 ,  3.3919781e+00
  -3.8381880e+01 ,  4.7229914e+00
  -3.8320066e+01 ,  6.0540047e+00
  -3.8258253e+01 ,  7.3850181e+00
  -3.8196440e+01 ,  8.7160314e+00
  -3.8134626e+01 ,  1.0047045e+01
  -3.8072813e+01 ,  1.1378058e+01
  -3.8011000e+01 ,  1.2709071e+01
  -3.7949186e+01 ,  1.4040085e+01
  -3.7887373e+01 ,  1.5371098e+01
  -3.7825560e+01 ,  1.6702111e+01
  -3.7763746e+01 ,  1.8033125e+01
  -3.7701933e+01 ,  1.9364138e+01
  -3.7640120e+01 ,  2.0695151e+01
  -3.7578306e+01 ,  2.2026165e+01
  -3.7516493e+01 ,  2.3357178e+01
  -3.7454680e+01 ,  2.4688191e+01
  -3.7392866e+01 ,  2.6019205e+01
  -3.7331053e+01 ,  2.7350218e+01
  -3.7269240e+01 ,  2.8681231e+01
  -3.7207426e+01 ,  3.0012245e+01
  -3.7145613e+01 ,  3.1343258e+01
  -3.7145613e+01 ,  3.1343258e+01
  -3.7066066e+01 ,  3.2659325e+01
  -3.6986520e+01 ,  3.3975391e+01
  -3.6906973e+01 ,  3.5291458e+01
  -3.6827426e+01 ,  3.6607525e+01
  -3.6747880e+01 ,  3.7923591e+01
  -3.6668333e+01 ,  3.9239658e+01
  -3.6588786e+01 ,  4.0555725e+01
  -3.6509240e+01 ,  4.1871791e+01
  -3.6429693e+01 ,  4.3187858e+01
  -3.6350146e+01 ,  4.4503925e+01
  -3.6270600e+01 ,  4.5819991e+01
  -3.6191053e+01 ,  4.7136058e+01
  -3.6111506e+01 ,  4.8452125e+01
  -3.6031960e+01 ,  4.9768191e+01
  -3.5952413e+01 ,  5.1084258e+01
  -3.5872866e+01 ,  5.2400325e+01
  -3.5793320e+01 ,  5.3716391e+01
  -3.5713773e+01 ,  5.5032458e+01
  -3.5634226e+01 ,  5.6348525e+01
  -3.5554680e+01 ,  5.7664591e+01
  -3.5475133e+01 ,  5.8980658e+01
  -3.5395586e+01 ,  6.0296725e+01
  -3.5316040e+01 ,  6.1612791e+01
  -3.5236493e+01 ,  6.2928858e+01
  -3.5156946e+01 ,  6.4244925e+01
  -3.5077400e+01 ,  6.5560991e+01
  -3.4997853e+01 ,  6.6877058e+01
  -3.4918306e+01 ,  6.8193125e+01
  -3.4838760e+01 ,  6.9509191e+01
  -3.4759213e+01 ,  7.0825258e+01
  -3.4759213e+01 ,  7.0825258e+01
  -3.4651293e+01 ,  7.2112191e+01
  -3.4543373e+01 ,  7.3399125e+01
  -3.4435453e+01 ,  7.4686058e+01
  -3.4327533e+01 ,  7.5972991e+01
  -3.4219613e+01 ,  7.7259925e+01
  -3.4111693e+01 ,  7.8546858e+01
  -3.4003773e+01 ,  7.9833791e+01
  -3.3895853e+01 ,  8.1120725e+01
  -3.3787933e+01 ,  8.2407658e+01
  -3.3680013e+01 ,  8.3694591e+01
  -3.3572093e+01 ,  8.4981525e+01
  -3.3464173e+01 ,  8.6268458e+01
  -3.3356253e+01 ,  8.7555391e+01
  -3.3248333e+01 ,  8.8842325e+01
  -3.3140413e+01 ,  9.0129258e+01
  -3.3032493e+01 ,  9.1416191e+01
  -3.2924573e+01 ,  9.2703125e+01
  -3.2816653e+01 ,  9.3990058e+01
  -3.2708733e+01 ,  9.5276991e+01
  -3.2600813e+01 ,  9.6563925e+01
  -3.2492893e+01 ,  9.7850858e+01
  -3.2384973e+01 ,  9.9137791e+01
  -3.2277053e+01 ,  1.0042472e+02
  -3.2169133e+01 ,  1.0171166e+02
  -3.2061213e+01 ,  1.0299859e+02
  -3.1953293e+01 ,  1.0428552e+02
  -3.1845373e+01 ,  1.0557246e+02
  -3.1737453e+01 ,  1.0685939e+02
  -3.1629533e+01 ,  1.0814632e+02
  -3.1521613e+01 ,  1.0943326e+02
  -3.1521613e+01 ,  1.0943326e+02
  -3.1373920e+01 ,  1.1069587e+02
  -3.1226226e+01 ,  1.1195848e+02
  -3.1078533e+01 ,  1.1322110e+02
  -3.0930840e+01 ,  1.1448371e+02
  -3.0783146e+01 ,  1.1574632e+02
  -3.0635453e+01 ,  1.1700894e+02
  -3.0487760e+01 ,  1.1827155e+02
  -3.0340066e+01 ,  1.1953416e+02
  -3.0192373e+01 ,  1.2079678e+02
  -3.0044680e+01 ,  1.2205939e+02
  -2.9896986e+01 ,  1.2332200e+02
  -2.9749293e+01 ,  1.2458462e+02
  -2.9601600e+01 ,  1.2584723e+02
  -2.9453906e+01 ,  1.2710984e+02
  -2.9306213e+01 ,  1.2837246e+02
  -2.9158520e+01 ,  1.2963507e+02
  -2.9010826e+01 ,  1.3089768e+02
  -2.8863133e+01 ,  1.3216030e+02
  -2.8715440e+01 ,  1.3342291e+02
  -2.8567746e+01 ,  1.3468552e+02
  -2.8420053e+01 ,  1.3594814e+02
  -2.8272360e+01 ,  1.3721075e+02
  -2.8124666e+01 ,  1.3847336e+02
  -2.7976973e+01 ,  1.3973598e+02
  -2.7829280e+01 ,  1.4099859e+02
  -2.7681586e+01 ,  1.4226120e+02
  -2.7533893e+01 ,  1.4352382e+02
  -2.7386200e+01 ,  1.4478643e+02
  -2.7238506e+01 ,  1.4604904e+02
  -2.7090813e+01 ,  1.4731166e+02
  -2.7090813e+01 ,  1.4731166e+02
  -2.6919306e+01 ,  1.4856490e+02
  -2.6747800e+01 ,  1.4981814e+02
  -2.6576293e+01 ,  1.5107138e+02
  -2.6404786e+01 ,  1.5232462e+02
  -2.6233280e+01 ,  1.5357786e+02
  -2.6061773e+01 ,  1.5483110e+02
  -2.5890266e+01 ,  1.5608434e+02
  -2.5718760e+01 ,  1.5733758e+02
  -2.5547253e+01 ,  1.5859082e+02
  -2.5375746e+01 ,  1.5984406e+02
  -2.5204240e+01 ,  1.6109730e+02
  -2.5032733e+01 ,  1.6235054e+02
  -2.4861226e+01 ,  1.6360378e+02
  -2.4689720e+01 ,  1.6485702e+02
  -2.4518213e+01 ,  1.6611026e+02
  -2.4346706e+01 ,  1.6736350e+02
  -2.4175200e+01 ,  1.6861674e+02
  -2.4003693e+01 ,  1.6986998e+02
  -2.3832186e+01 ,  1.7112322e+02
  -2.3660680e+01 ,  1.7237646e+02
  -2.3489173e+01 ,  1.7362970e+02
  -2.3317666e+01 ,  1.7488294e+02
  -2.3146160e+01 ,  1.7613618e+02
  -2.2974653e+01 ,  1.7738942e+02
  -2.2803146e+01 ,  1.7864266e+02
  -2.2631640e+01 ,  1.7989590e+02
  -2.2460133e+01 ,  1.8114914e+02
  -2.2288626e+01 ,  1.8240238e+02
  -2.2117120e+01 ,  1.8365562e+02
  -2.1945613e+01 ,  1.8490886e+02
  -2.1945613e+01 ,  1.8490886e+02
  -2.1784746e+01 ,  1.8614436e+02
  -2.1623880e+01 ,  1.8737987e+02
  -2.1463013e+01 ,  1.8861538e+02
  -2.1302146e+01 ,  1.8985088e+02
  -2.1141280e+01 ,  1.9108639e+02
  -2.0980413e+01 ,  1.9232190e+02
  -2.0819546e+01 ,  1.9355740e+02
  -2.0658680e+01 ,  1.9479291e+02
  -2.0497813e+01 ,  1.9602842e+02
  -2.0336946e+01 ,  1.9726392e+02
  -2.0176080e+01 ,  1.9849943e+02
  -2.0015213e+01 ,  1.9973494e+02
  -1.9854346e+01 ,  2.0097044e+02
  -1.9693480e+01 ,  2.0220595e+02
  -1.9532613e+01 ,  2.0344146e+02
  -1.9371746e+01 ,  2.0467696e+02
  -1.9210880e+01 ,  2.0591247e+02
  -1.9050013e+01 ,  2.0714798e+02
  -1.8889146e+01 ,  2.0838348e+02
  -1.8728280e+01 ,  2.0961899e+02
  -1.8567413e+01 ,  2.1085450e+02
  -1.8406546e+01 ,  2.1209000e+02
  -1.8245680e+01 ,  2.1332551e+02
  -1.8084813e+01 ,  2.1456102e+02
  -1.7923946e+01 ,  2.1579652e+02
  -1.7763080e+01 ,  2.1703203e+02
  -1.7602213e+01 ,  2.1826754e+02
  -1.7441346e+01 ,  2.1950304e+02
  -1.7280480e+01 ,  2.2073855e+02
  -1.7119613e+01 ,  2.2197406e+02
  -1.7119613e+01 ,  2.2197406e+02
  -1.6993706e+01 ,  2.2316295e+02
  -1.6867800e+01 ,  2.2435184e+02
  -1.6741893e+01 ,  2.2554074e+02
  -1.6615986e+01 ,  2.2672963e+02
  -1.6490080e+01 ,  2.2791852e+02
  -1.6364173e+01 ,  2.2910742e+02
  -1.6238266e+01 ,  2.3029631e+02
  -1.6112360e+01 ,  2.3148520e+02
  -1.5986453e+01 ,  2.3267410e+02
  -1.5860546e+01 ,  2.3386299e+02
  -1.5734640e+01 ,  2.3505188e+02
  -1.5608733e+01 ,  2.3624078e+02
  -1.5482826e+01 ,  2.3742967e+02
  -1.5356920e+01 ,  2.3861856e+02
  -1.5231013e+01 ,  2.3980746e+02
  -1.5105106e+01 ,  2.4099635e+02
  -1.4979200e+01 ,  2.4218524e+02
  -1.4853293e+01 ,  2.4337414e+02
  -1.4727386e+01 ,  2.4456303e+02
  -1.4601480e+01 ,  2.4575192e+02
  -1.4475573e+01 ,  2.4694082e+02
  -1.4349666e+01 ,  2.4812971e+02
  -1.4223760e+01 ,  2.4931860e+02
  -1.4097853e+01 ,  2.5050750e+02
  -1.3971946e+01 ,  2.5169639e+02
  -1.3846040e+01 ,  2.5288528e+02
  -1.3720133e+01 ,  2.5407418e+02
  -1.3594226e+01 ,  2.5526307e+02
  -1.3468320e+01 ,  2.5645196e+02
  -1.3342413e+01 ,  2.5764086e+02
  -1.3342413e+01 ,  2.5764086e+02
  -1.3265400e+01 ,  2.5875223e+02
  -1.3188386e+01 ,  2.5986360e+02
  -1.3111373e+01 ,  2.6097498e+02
  -1.3034360e+01 ,  2.6208635e+02
  -1.2957346e+01 ,  2.6319772e+02
  -1.2880333e+01 ,  2.6430910e+02
  -1.2803320e+01 ,  2.6542047e+02
  -1.2726306e+01 ,  2.6653184e+02
  -1.2649293e+01 ,  2.6764322e+02
  -1.2572280e+01 ,  2.6875459e+02
  -1.2495266e+01 ,  2.6986596e+02
  -1.2418253e+01 ,  2.7097734e+02
  -1.2341240e+01 ,  2.7208871e+02
  -1.2264226e+01 ,  2.7320008e+02
  -1.2187213e+01 ,  2.7431146e+02
  -1.2110200e+01 ,  2.7542283e+02
  -1.2033186e+01 ,  2.7653420e+02
  -1.1956173e+01 ,  2.7764558e+02
  -1.1879160e+01 ,  2.7875695e+02
  -1.1802146e+01 ,  2.7986832e+02
  -1.1725133e+01 ,  2.8097970e+02
  -1.1648120e+01 ,  2.8209107e+02
  -1.1571106e+01 ,  2.8320244e+02
  -1.1494093e+01 ,  2.8431382e+02
  -1.1417080e+01 ,  2.8542519e+02
  -1.1340066e+01 ,  2.8653656e+02
  -1.1263053e+01 ,  2.8764794e+02
  -1.1186040e+01 ,  2.8875931e+02
  -1.1109026e+01 ,  2.8987068e+02
  -1.1032013e+01 ,  2.9098206e+02
  -1.1032013e+01 ,  2.9098206e+02
  -1.1011746e+01 ,  2.9197994e+02
  -1.0991480e+01 ,  2.9297782e+02
  -1.0971213e+01 ,  2.9397570e+02
  -1.0950946e+01 ,  2.9497358e+02
  -1.0930680e+01 ,  2.9597146e+02
  -1.0910413e+01 ,  2.9696934e+02
  -1.0890146e+01 ,  2.9796722e+02
  -1.0869880e+01 ,  2.9896510e+02
  -1.0849613e+01 ,  2.9996298e+02
  -1.0829346e+01 ,  3.0096086e+02
  -1.0809080e+01 ,  3.0195874e+02
  -1.0788813e+01 ,  3.0295662e+02
  -1.0768546e+01 ,  3.0395450e+02
  -1.0748280e+01 ,  3.0495238e+02
  -1.0728013e+01 ,  3.0595026e+02
  -1.0707746e+01 ,  3.0694814e+02
  -1.0687480e+01 ,  3.0794602e+02
  -1.0667213e+01 ,  3.0894390e+02
  -1.0646946e+01 ,  3.0994178e+02
  -1.0626680e+01 ,  3.1093966e+02
  -1.0606413e+01 ,  3.1193754e+02
  -1.0586146e+01 ,  3.1293542e+02
  -1.0565880e+01 ,  3.1393330e+02
  -1.0545613e+01 ,  3.1493118e+02
  -1.0525346e+01 ,  3.1592906e+02
  -1.0505080e+01 ,  3.1692694e+02
  -1.0484813e+01 ,  3.1792482e+02
  -1.0464546e+01 ,  3.1892270e+02
  -1.0444280e+01 ,  3.1992058e+02
  -1.0424013e+01 ,  3.2091846e+02
  -1.0424013e+01 ,  3.2091846e+02
  -1.0454160e+01 ,  3.2176434e+02
  -1.0484306e+01 ,  3.2261022e+02
  -1.0514453e+01 ,  3.2345610e+02
  -1.0544600e+01 ,  3.2430198e+02
  -1.0574746e+01 ,  3.2514786e+02
  -1.0604893e+01 ,  3.2599374e+02
  -1.0635040e+01 ,  3.2683962e+02
  -1.0665186e+01 ,  3.2768550e+02
  -1.0695333e+01 ,  3.2853138e+02
  -1.0725480e+01 ,  3.2937726e+02
  -1.0755626e+01 ,  3.3022314e+02
  -1.0785773e+01 ,  3.3106902e+02
  -1.0815920e+01 ,  3.3191490e+02
  -1.0846066e+01 ,  3.3276078e+02
  -1.0876213e+01 ,  3.3360666e+02
  -1.0906360e+01 ,  3.3445254e+02
  -1.0936506e+01 ,  3.3529842e+02
  -1.0966653e+01 ,  3.3614430e+02
  -1.0996800e+01 ,  3.3699018e+02
  -1.1026946e+01 ,  3.3783606e+02
  -1.1057093e+01 ,  3.3868194e+02
  -1.1087240e+01 ,  3.3952782e+02
  -1.1117386e+01 ,  3.4037370e+02
  -1.1147533e+01 ,  3.4121958e+02
  -1.1177680e+01 ,  3.4206546e+02
  -1.1207826e+01 ,  3.4291134e+02
  -1.1237973e+01 ,  3.4375722e+02
  -1.1268120e+01 ,  3.4460310e+02
  -1.1298266e+01 ,  3.4544898e+02
  -1.1328413e+01 ,  3.4629486e+02
  -1.1328413e+01 ,  3.4629486e+02
  -1.1387440e+01 ,  3.4696087e+02
  -1.1446466e+01 ,  3.4762688e+02
  -1.1505493e+01 ,  3.4829290e+02
  -1.1564520e+01 ,  3.4895891e+02
  -1.1623546e+01 ,  3.4962492e+02
  -1.1682573e+01 ,  3.5029094e+02
  -1.1741600e+01 ,  3.5095695e+02
  -1.1800626e+01 ,  3.5162296e+02
  -1.1859653e+01 ,  3.5228898e+02
  -1.1918680e+01 ,  3.5295499e+02
  -1.1977706e+01 ,  3.5362100e+02
  -1.2036733e+01 ,  3.5428702e+02
  -1.2095760e+01 ,  3.5495303e+02
  -1.2154786e+01 ,  3.5561904e+02
  -1.2213813e+01 ,  3.5628506e+02
  -1.2272840e+01 ,  3.5695107e+02
  -1.2331866e+01 ,  3.5761708e+02
  -1.2390893e+01 ,  3.5828310e+02
  -1.2449920e+01 ,  3.5894911e+02
  -1.2508946e+01 ,  3.5961512e+02
  -1.2567973e+01 ,  3.6028114e+02
  -1.2627000e+01 ,  3.6094715e+02
  -1.2686026e+01 ,  3.6161316e+02
  -1.2745053e+01 ,  3.6227918e+02
  -1.2804080e+01 ,  3.6294519e+02
  -1.2863106e+01 ,  3.6361120e+02
  -1.2922133e+01 ,  3.6427722e+02
  -1.2981160e+01 ,  3.6494323e+02
  -1.3040186e+01 ,  3.6560924e+02
  -1.3099213e+01 ,  3.6627526e+02
  -1.3099213e+01 ,  3.6627526e+02
  -1.3162546e+01 ,  3.6674924e+02
  -1.3225880e+01 ,  3.6722323e+02
  -1.3289213e+01 ,  3.6769722e+02
  -1.3352546e+01 ,  3.6817120e+02
  -1.3415880e+01 ,  3.6864519e+02
  -1.3479213e+01 ,  3.6911918e+02
  -1.3542546e+01 ,  3.6959316e+02
  -1.3605880e+01 ,  3.7006715e+02
  -1.3669213e+01 ,  3.7054114e+02
  -1.3732546e+01 ,  3.7101512e+02
  -1.3795880e+01 ,  3.7148911e+02
  -1.3859213e+01 ,  3.7196310e+02
  -1.3922546e+01 ,  3.7243708e+02
  -1.3985880e+01 ,  3.7291107e+02
  -1.4049213e+01 ,  3.7338506e+02
  -1.4112546e+01 ,  3.7385904e+02
  -1.4175880e+01 ,  3.7433303e+02
  -1.4239213e+01 ,  3.7480702e+02
  -1.4302546e+01 ,  3.7528100e+02
  -1.4365880e+01 ,  3.7575499e+02
  -1.4429213e+01 ,  3.7622898e+02
  -1.4492546e+01 ,  3.7670296e+02
  -1.4555880e+01 ,  3.7717695e+02
  -1.4619213e+01 ,  3.7765094e+02
  -1.4682546e+01 ,  3.7812492e+02
  -1.4745880e+01 ,  3.7859891e+02
  -1.4809213e+01 ,  3.7907290e+02
  -1.4872546e+01 ,  3.7954688e+02
  -1.4935880e+01 ,  3.8002087e+02
  -1.4999213e+01 ,  3.8049486e+02
  -1.4999213e+01 ,  3.8049486e+02
  -1.5047093e+01 ,  3.8077631e+02
  -1.5094973e+01 ,  3.8105776e+02
  -1.5142853e+01 ,  3.8133922e+02
  -1.5190733e+01 ,  3.8162067e+02
  -1.5238613e+01 ,  3.8190212e+02
  -1.5286493e+01 ,  3.8218358e+02
  -1.5334373e+01 ,  3.8246503e+02
  -1.5382253e+01 ,  3.8274648e+02
  -1.5430133e+01 ,  3.8302794e+02
  -1.5478013e+01 ,  3.8330939e+02
  -1.5525893e+01 ,  3.8359084e+02
  -1.5573773e+01 ,  3.8387230e+02
  -1.5621653e+01 ,  3.8415375e+02
  -1.5669533e+01 ,  3.8443520e+02
  -1.5717413e+01 ,  3.8471666e+02
  -1.5765293e+01 ,  3.8499811e+02
  -1.5813173e+01 ,  3.8527956e+02
  -1.5861053e+01 ,  3.8556102e+02
  -1.5908933e+01 ,  3.8584247e+02
  -1.5956813e+01 ,  3.8612392e+02
  -1.6004693e+01 ,  3.8640538e+02
  -1.6052573e+01 ,  3.8668683e+02
  -1.6100453e+01 ,  3.8696828e+02
  -1.6148333e+01 ,  3.8724974e+02
  -1.6196213e+01 ,  3.8753119e+02
  -1.6244093e+01 ,  3.8781264e+02
  -1.6291973e+01 ,  3.8809410e+02
  -1.6339853e+01 ,  3.8837555e+02
  -1.6387733e+01 ,  3.8865700e+02
  -1.6435613e+01 ,  3.8893846e+02
  -1.6435613e+01 ,  3.8893846e+02
  -1.6453346e+01 ,  3.8903168e+02
  -1.6471080e+01 ,  3.8912491e+02
  -1.6488813e+01 ,  3.8921814e+02
  -1.6506546e+01 ,  3.8931136e+02
  -1.6524280e+01 ,  3.8940459e+02
  -1.6542013e+01 ,  3.8949782e+02
  -1.6559746e+01 ,  3.8959104e+02
  -1.6577480e+01 ,  3.8968427e+02
  -1.6595213e+01 ,  3.8977750e+02
  -1.6612946e+01 ,  3.8987072e+02
  -1.6630680e+01 ,  3.8996395e+02
  -1.6648413e+01 ,  3.9005718e+02
  -1.6666146e+01 ,  3.9015040e+02
  -1.6683880e+01 ,  3.9024363e+02
  -1.6701613e+01 ,  3.9033686e+02
  -1.6719346e+01 ,  3.9043008e+02
  -1.6737080e+01 ,  3.9052331e+02
  -1.6754813e+01 ,  3.9061654e+02
  -1.6772546e+01 ,  3.9070976e+02
  -1.6790280e+01 ,  3.9080299e+02
  -1.6808013e+01 ,  3.9089622e+02
  -1.6825746e+01 ,  3.9098944e+02
  -1.6843480e+01 ,  3.9108267e+02
  -1.6861213e+01 ,  3.9117590e+02
  -1.6878946e+01 ,  3.9126912e+02
  -1.6896680e+01 ,  3.9136235e+02
  -1.6914413e+01 ,  3.9145558e+02
  -1.6932146e+01 ,  3.9154880e+02
  -1.6949880e+01 ,  3.9164203e+02
  -1.6967613e+01 ,  3.9173526e+02
